<?xml version="1.0" encoding="UTF-8" standalone="yes"?>
<addon id="script.service.tvserver" name="TVServer" version="1.0" provider-name="rleschuk">
    <requires>
        <import addon="xbmc.python" version="2.7"/>
    </requires>
    <extension point="xbmc.service" library="addon.py" start="login" />
    <extension point="xbmc.addon.metadata">
        <platform>all</platform>
        <summary>блаблабла</summary>
        <description>блаблабла блаблабла</description>
        <disclaimer></disclaimer>
        <forum></forum>
        <website></website>
        <source></source>
    </extension>
</addon>
